<?xml version="1.0"?>
<WLANProfile xmlns="http://www.microsoft.com/networking/WLAN/profile/v1">
	<name>SECUREW2</name>
	<SSIDConfig>
		<SSID>
			<hex>5345435552455732</hex>
			<name>SECUREW2</name>
		</SSID>
		<nonBroadcast>true</nonBroadcast>
	</SSIDConfig>
	<connectionType>ESS</connectionType>
	<connectionMode>auto</connectionMode>
	<autoSwitch>false</autoSwitch>
  <MSM>
		<security>
        <!-- OVER THE AIR AUTH -->
			<authEncryption>
				<authentication>WPA</authentication>
				<encryption>TKIP</encryption>
				<useOneX>true</useOneX>
			</authEncryption>
			<OneX xmlns="http://www.microsoft.com/networking/OneX/v1">
				<EAPConfig>
					<EapHostConfig xmlns="http://www.microsoft.com/provisioning/EapHostConfig">
					<EapMethod>
						<Type xmlns="http://www.microsoft.com/provisioning/EapCommon">21</Type>
						<VendorId xmlns="http://www.microsoft.com/provisioning/EapCommon">0</VendorId>
						<VendorType xmlns="http://www.microsoft.com/provisioning/EapCommon">0</VendorType>
						<AuthorId xmlns="http://www.microsoft.com/provisioning/EapCommon">29114</AuthorId>
					</EapMethod>
					<Config xmlns="http://www.microsoft.com/provisioning/EapHostConfig">
						<eap-ttls xmlns="http://schemas.securew2.com/eapconfig/eap-ttls/v0">
							<Configuration>
			                 
							<!-- Identity Element -->
							<!-- T1: updated following configuration to latest version -->
              <!-- T2:  UseAlternateIdentity is now UseAlternateOuterIdentity, and so forth -->
								<Connection>
									<UseAlternateOuterIdentity>true</UseAlternateOuterIdentity>
									<!-- UseAnonymousOuter true means ignore Alternate Outer Identity -->
									<UseAnonymousOuterIdentity>true</UseAnonymousOuterIdentity>
									<!-- identity to use if UseAnonumousOuterIdentity is false -->
									<!-- <AlternateOuterIdentity></AlternateOuterIdentity> -->
							<!-- what is the UseSessionResumption for? -->
							<!-- T3: this is the same as PEAP Fast reconnect (TLS session resumption) -->
									<UseSessionResumption>false</UseSessionResumption>
								</Connection>
			              
							<!-- Server Validation section -->
							
							<ServerValidation>
							 <VerifyServerCertificate>true</VerifyServerCertificate>
							 <!-- T4: if this is not a showstopper, next release -->
							 <!-- <VerifyServerName>true/false</VerifyServerName> -->
  						 <!--  trusted server names  -->
  						 <!--  no need to enumerate as this is how to do a collection in XML -->
  						 <!--	<ServerNames>
  								<ServerName></ServerName>
  								<ServerName></ServerName>
  							</ServerNames> -->
							 <ServerName>.com</ServerName>
  							<!-- T5: not necesarry, this option is available as AllowNewConnections -->
  							<!-- <DisableUserPromptForServerValidation>false</DisableUserPromptForServerValidation> -->
  							<TrustedRootCA>		            
  							<!--  no need to enumerate as this is how to do a collection in XML -->
  							<!-- T6: agreed, but changed definitions slightly -->
									<Certificate>66a61ffb63275ef93d7c1b0d4717f75d9b23ea4b</Certificate>
									<Certificate>66a61ffb63275ef93d7c1b0d4717f75d9b23ea42</Certificate>
									<Certificate>ee14ac6a908fd7d6f939fdcabbd87c4172a68b7d</Certificate>
								</TrustedRootCA>
							</ServerValidation>
			                
							<!-- for inner tunnel-->
								<Authentication>
								<!-- is GTC considered PAP here?? -->
									 <AuthenticationMethod>PAP</AuthenticationMethod>
							<!-- If the AuthenticationMethod is EAP then the following EapHostConfig will 
							describe the inner EAP method configuration. And the following EAPType should be
							within the EapHostConfig-->
    					     <EapConfig>
                      <EapHostConfig>
    					         <EapMethod>
    						          <Type>6</Type>
    						          <VendorId>0</VendorId>
    						          <VendorType>0</VendorType>
    						          <AuthorId>29114</AuthorId>
    					          </EapMethod>
    					          <!--<ConfigBlob>AAAA</ConfigBlob>-->
                        <Config>
    					          <Identity></Identity>
    					          </Config>
    				          </EapHostConfig>
    				        </EapConfig>
    								</Authentication>
			                
								<UserAccount>
									<PromptUser>true</PromptUser>
									<!--<UserName></UserName>-->
									<!--<UserPassword></UserPassword>-->
                  <!-- domain could be empty in which case UserName should be used as it is -->
									<!--<UserDomain></UserDomain>-->
							<!-- Not sure what this means-->
							<!-- T8: Not used in EapHost module, backwards compatible with Windows XP --> 
									<UseUserCredentialsForComputer></UseUserCredentialsForComputer>
								</UserAccount>
			                
								<Advanced>
								<!-- are these for TTLS or for GTC?   If GTC, should be in inner method area (which this is) -->
								<!-- T9: used for TTLS, options with *Computer* are not used for EapHost -->
								<!--
									<UseAlternateComputerCredentials></UseAlternateComputerCredentials>
									<ComputerUserName></ComputerUserName>
									<ComputerPassword></ComputerPassword>
									<ComputerDomain></ComputerDomain>
									<ServerCertificateOnLocalComputer></ServerCertificateOnLocalComputer>
									<CheckForMicrosoftExtension></CheckForMicrosoftExtension>-->
									<!-- T10: this should set to true to allow user to trust new server certificates -->
									<AllowNewConnections>true</AllowNewConnections>
									<UseEmptyOuterIdentity>false</UseEmptyOuterIdentity>
								</Advanced>
							</Configuration>
						</eap-ttls>
					</Config>
				</EapHostConfig>
				</EAPConfig>
			</OneX>
		</security>
	</MSM>
</WLANProfile>
